id,title,year,category,tags,materials,dimensions,image-main,image-thumb,extra-view-01,extra-view-02,extra-view-03,extra-view-04,extra-view-05,extra-view-06,status,slug,subtitle,shop_drawing,description,related_works,related_sketches,,,,,,,,,,,,
sc-1976-010-kathryn-scheld,Kathryn Scheld,1976,SC,,plasticine,12 × 12 × 12 in.,sc-1976-010-kathryn-scheld-main.jpg,sc-1976-010-kathryn-scheld-thumb.jpg,sc-1976-010-kathryn-scheld-front.jpg,sc-1976-010-kathryn-scheld-work-in-progress.jpg,,,,,,kathryn-scheld,,,,,,,,,,,,,,,,,
sc-1976-020-untitled-bust,Untitled Bust,1976,SC,,cast plaster with patina,16 × 16 × 11 in.,sc-1976-020-untitled-bust-main.jpg,sc-1976-020-untitled-bust-thumb.jpg,,,,,,,,untitled-bust,,,,,,,,,,,,,,,,,
sc-1977-010-brick-arch-01,Brick Arch I,1977,SC,brick-arch-series,"brick, wood, nails, cable, and cast concrete",40 × 108 × 10 in.,sc-1977-010-brick-arch-01-main.jpg,sc-1977-010-brick-arch-01-thumb.jpg,sc-1977-010-brick-arch-01-detail-01.jpg,sc-1977-010-brick-arch-01-detail-02.jpg,sc-1977-010-brick-arch-01-side.jpg,,,,,brick-arch-01,,,,,,,,,,,,,,,,,
sc-1977-020-brick-arch-02,Brick Arch II,1977,SC,brick-arch-series,"brick, wood, and stones",20 × 40 × 8 in.,sc-1977-020-brick-arch-02.jpg,sc-1977-020-brick-arch-02-thumb.jpg,,,,,,,,brick-arch-02,,,,,,,,,,,,,,,,,
sc-1977-030-brick-arch-03,Brick Arch III,1977,SC,brick-arch-series,"brick, wood, and steel cable",34 × 50 × 14 in.,sc-1977-030-brick-arch-03-main.jpg,sc-1977-030-brick-arch-03-thumb.jpg,,,,,,,,brick-arch-03,,,,,,,,,,,,,,,,,
sc-1977-040-brick-arch-04,Brick Arch IV,1977,SC,brick-arch-series,"brick, steel",27 × 30 × 8 in.,sc-1977-040-brick-arch-04-main.jpg,sc-1977-040-brick-arch-04-thumb.jpg,,,,,,,,brick-arch-04,,,,,,,,,,,,,,,,,
sc-1978-150-that-change-01-corrugated-steel,That Change I - Corrugated Steel,1978,SC,that-change-series,"corrugated steel, brick, glass bottles",72 × 72 × 30 in.,sc-1978-150-that-change-01-corrugated-steel-main.jpg,sc-1978-150-that-change-01-corrugated-steel-thumb.jpg,sc-1978-150-that-change-01-corrugated-steel-detail.jpg,sc-1978-150-that-change-01-corrugated-steel-side.jpg,,,,,,that-change-01-corrugated-steel,,,,,,,,,,,,,,,,,
sc-1978-150-that-change-02-corrugated-steel,That Change II Corrugated Steel,1978,SC,that-change-series,"corrugated steel, plexiglass, glass, and brick",72 × 72 × 30 in.,sc-1978-150-that-change-02-corrugated-steel-main.jpg,sc-1978-150-that-change-02-corrugated-steel-thumb.jpg,sc-1978-150-that-change-02-corrugated-steel-detail.jpg,,,,,,,that-change-02-corrugated-steel,,,,,,,,,,,,,,,,,
sc-1978-200-that-change-03-column,That Change III - Column,1978,SC,that-change-series,"brick, bottles, plexiglass, aluminum",24 × 24 × 24 in.,sc-1978-200-that-change-03-column-main.jpg,sc-1978-200-that-change-03-column-thumb.jpg,sc-1978-200-that-change-03-column-side.jpg,,,,,,,that-change-03-column,,,,,,,,,,,,,,,,,
sc-1978-250-that-change-04-wood,That Change IV - Wood,1978,SC,that-change-series,"wood, brick, and tin cans",36 × 36 × 72 in.,sc-1978-250-that-change-04-wood-main.jpg,sc-1978-250-that-change-04-wood-thumb.jpg,sc-1978-250-that-change-04-wood-side-01.jpg,sc-1978-250-that-change-04-wood-side-02.jpg,sc-1978-250-that-change-04-wood-side-03.jpg,,,,,that-change-04-wood,,,,,,,,,,,,,,,,,
sc-1978-300-that-change-05-boiling-earth,That Change V - Boiling Earth,1978,SC,that-change-series,"concrete pavers, brick, plexiglass, steel, mirror, steam-bent wood",18 × 50 × 50 in.,sc-1978-300-that-change-05-boiling-earth-main.jpg,sc-1978-300-that-change-05-boiling-earth-thumb.jpg,sc-1978-300-that-change-05-boiling-earth-side-01.jpg,sc-1978-300-that-change-05-boiling-earth-side-02.jpg,,,,,,that-change-05-boiling-earth,,,,,,,,,,,,,,,,,
sc-1978-350-that-change-06-boiling-earth,That Change VI - Boiling Earth,1978,SC,that-change-series,"concrete pavers, brick, plexiglass, steel, steam-bent wood",18 × 50 × 50 in.,sc-1978-350-that-change-06-boiling-earth-main.jpg,sc-1978-350-that-change-06-boiling-earth-thumb.jpg,sc-1978-350-that-change-06-boiling-earth-side.jpg,,,,,,,that-change-06-boiling-earth,,,,,,,,,,,,,,,,,
sc-1978-400-that-change-07-cinder-block,That Change VII - Cinder Block,1978,SC,that-change-series,"cinder block, wood, brick, glass bottles, steel",72 × 48 × 8 in.,sc-1978-400-that-change-07-cinder-block-main.jpg,sc-1978-400-that-change-07-cinder-block-thumb.jpg,,,,,,,,that-change-07-cinder-block,,,,,,,,,,,,,,,,,
sc-1978-450-standing-figure-in-wood,Standing Figure in Wood,1978,SC,,steam-bent wood,76 × 22 × 16 in.,sc-1978-450-standing-figure-in-wood-main.jpg,sc-1978-450-standing-figure-in-wood-thumb.jpg,sc-1978-450-standing-figure-in-wood-studio.jpg,,,,,,,standing-figure-in-wood,,,,,,,,,,,,,,,,,
sc-1978-600-reassembled-timber-01,Reassembled Timber I,1978,SC,reassembled-timber-series,stained timber and steel spikes,30 × 60 × 10 in.,sc-1978-600-reassembled-timber-01-main.jpg,sc-1978-600-reassembled-timber-01-thumb.jpg,sc-1978-600-reassembled-timber-01-installation.jpg,sc-1978-600-reassembled-timber-01-side.jpg,,,,,,reassembled-timber-01,,,,,,,,,,,,,,,,,
sc-1978-650-reassembled-timber-02,Reassembled Timber II,1978,SC,reassembled-timber-series,wood and steel spikes,30 × 24 × 10 in.,sc-1978-650-reassembled-timber-02-main.jpg,sc-1978-650-reassembled-timber-02-thumb.jpg,,,,,,,,reassembled-timber-02,,,,,,,,,,,,,,,,,
sc-1978-675-reassembled-timber-03,Reassembled Timber III,1978,SC,reassembled-timber-series,wood,36 × 36 × 16 in.,sc-1978-675-reassembled-timber-03-main.jpg,sc-1978-675-reassembled-timber-03-thumb.jpg,sc-1978-675-reassembled-timber-03-installation.jpg,sc-1978-675-reassembled-timber-03-side.jpg,,,,,,reassembled-timber-03,,,,,,,,,,,,,,,,,
sc-1978-700-reassembled-timber-04,Reassembled Timber IV,1978,SC,reassembled-timber-series,carved wood,80 × 8 × 8 in.,sc-1978-700-reassembled-timber-04-main.jpg,sc-1978-700-reassembled-timber-04-thumb.jpg,sc-1978-700-reassembled-timber-04-detail.jpg,,,,,,,reassembled-timber-04,,,,,,,,,,,,,,,,,
sc-1978-750-reassembled-timber-05,Reassembled Timber V,1978,SC,reassembled-timber-series,"steam-bent wood, and brick",20 × 98 × 80 in.,sc-1978-750-reassembled-timber-05-main.jpg,sc-1978-750-reassembled-timber-05-thumb.jpg,sc-1978-750-reassembled-timber-05-back.jpg,sc-1978-750-reassembled-timber-05-side.jpg,,,,,,reassembled-timber-05,,,,,,,,,,,,,,,,,
sc-1978-775-reassembled-timber-06,Reassembled Timber VI,1978,SC,reassembled-timber-series,"stained timber, brick, and steel",36 × 36 × 36 in.,sc-1978-775-reassembled-timber-06-main.jpg,sc-1978-775-reassembled-timber-06-thumb.jpg,sc-1978-775-reassembled-timber-06-installation.jpg,sc-1978-775-reassembled-timber-06-side.jpg,,,,,,reassembled-timber-06,,,,,,,,,,,,,,,,,
sc-1978-900-that-change-08-cracked-timber,That Change VIII - Cracked Timber,1978,SC,that-change-series,"brick, steel, wood, and plexiglass",84 × 120 × 96 in.,sc-1978-900-that-change-08-cracked-timber-main.jpg,sc-1978-900-that-change-08-cracked-timber-thumb.jpg,sc-1978-900-that-change-08-cracked-timber-detail-01.jpg,sc-1978-900-that-change-08-cracked-timber-detail-02.jpg,sc-1978-900-that-change-08-cracked-timber-side-01.jpg,sc-1978-900-that-change-08-cracked-timber-side-02.jpg,,,,that-change-08-cracked-timber,,,,,,,,,,,,,,,,,
sc-1978-950-that-change-09-beginning,That Change IX - Beginning,1978,SC,that-change-series,"brick, polished and brushed steel, forged steel, and plexiglass",12 × 48 × 48 in.,sc-1978-950-that-change-09-beginning-main.jpg,sc-1978-950-that-change-09-beginning-thumb.jpg,sc-1978-950-that-change-09-beginning-detail.jpg,sc-1978-950-that-change-09-beginning-top.jpg,,,,,,that-change-09-beginning,,,,,,,,,,,,,,,,,
sc-1979-050-separation-submersion,Separation Submersion,1979,SC,,"glass, steel, and brick",72 × 180 × 72 in.,sc-1979-050-separation-submersion-main.jpg,sc-1979-050-separation-submersion-thumb.jpg,sc-1979-050-separation-submersion-detail-01.jpg,sc-1979-050-separation-submersion-detail-02.jpg,,,,,,separation-submersion,,,,,,,,,,,,,,,,,
sc-1979-070-the-pharaohs-nose,The Pharaoh's Nose,1979,SC,the-pharaohs-nose,"steel, burnished steel, brick, and fiberglass",96 × 110 × 48 in.,sc-1979-070-the-pharaohs-nose-main.jpg,sc-1979-070-the-pharaohs-nose-thumb.jpg,sc-1979-070-the-pharaohs-nose-back-01.jpg,sc-1979-070-the-pharaohs-nose-detail-01.jpg,sc-1979-070-the-pharaohs-nose-installation.jpg,sc-1979-070-the-pharaohs-nose-side-01.jpg,,,,the-pharaohs-nose,,,,,,,,,,,,,,,,,
sc-1979-100-totem-01-cracked-stack,Totem I - Cracked Stack,1979,SC,totem-series,"brick, glass, steel, plexiglass, and cable",48 × 8 × 4 in.,sc-1979-100-totem-01-cracked-stack-main.jpg,sc-1979-100-totem-01-cracked-stack-thumb.jpg,sc-1979-100-totem-01-cracked-stack-detail.jpg,,,,,,,totem-01-cracked-stack,,,,,,,,,,,,,,,,,
sc-1979-200-totem-02-stacks-in-fiberglass,Totem II - Stacks Fiberglassed,1979,SC,totem-series,"brick, glass, steel, and fiberglass",60 × 5 × 5 in.,sc-1979-200-totem-02-stacks-in-fiberglass-main.jpg,sc-1979-200-totem-02-stacks-in-fiberglass-thumb.jpg,sc-1979-200-totem-02-stacks-in-fiberglass-back.jpg,sc-1979-200-totem-02-stacks-in-fiberglass-detail-01.jpg,sc-1979-200-totem-02-stacks-in-fiberglass-detail-02.jpg,,,,,totem-02-stacks-in-fiberglass,,,,,,,,,,,,,,,,,
sc-1979-300-totem-03-2vs,Totem III - 2V's,1979,SC,totem-series,"steel, burnished galvanized steel, and brick",96 × 120 × 72 in.,sc-1979-300-totem-03-2vs-main.jpg,sc-1979-300-totem-03-2vs-thumb.jpg,sc-1979-300-totem-03-2vs-detail-01.jpg,sc-1979-300-totem-03-2vs-detail-02.jpg,sc-1979-300-totem-03-2vs-detail-03.jpg,sc-1979-300-totem-03-2vs-installation.jpg,sc-1979-300-totem-03-2vs-side.jpg,,,totem-03-2vs,,,,,,,,,,,,,,,,,
sc-1979-400-totem-04-water-bearer,Totem IV - Water Bearer,1979,SC,totem-series,"marble, steel",96 × 18 × 14 in.,sc-1979-400-totem-04-water-bearer-main.jpg,sc-1979-400-totem-04-water-bearer-thumb.jpg,sc-1979-400-totem-04-water-bearer-detail-01.jpg,sc-1979-400-totem-04-water-bearer-detail-02.jpg,sc-1979-400-totem-04-water-bearer-installation.jpg,,,,,totem-04-water-bearer,,,,,,,,,,,,,,,,,
sc-1980-100-before-i-forget-01,Before I Forget I,1980,SC,before-i-forget-series,"burnished galvanized steel, forged steel, brick, and melted plexiglass",72 × 36 × 36 in.,sc-1980-100-before-i-forget-01-main.jpg,sc-1980-100-before-i-forget-01-thumb.jpg,sc-1980-100-before-i-forget-01-back-01.jpg,sc-1980-100-before-i-forget-01-back-02.jpg,sc-1980-100-before-i-forget-01-detail-01.jpg,,,,,before-i-forget-01,,,,,,,,,,,,,,,,,
sc-1980-200-before-i-forget-02,Before I Forget II,1980,SC,before-i-forget-series,"galvanized steel, brick, venetian blinds, and melted wax",72 × 36 × 36 in.,sc-1980-200-before-i-forget-02-main.jpg,sc-1980-200-before-i-forget-02-thumb.jpg,sc-1980-200-before-i-forget-02-inside.jpg,,,,,,,before-i-forget-02,,,,,,,,,,,,,,,,,
sc-1980-300-before-i-forget-03,Before I Forget III,1980,SC,before-i-forget-series,"galvanized steel, wax, forged steel, brick, venetian blinds, melted plexiglass, fiberglass, and cups",72 × 30 × 30 in.,sc-1980-300-before-i-forget-03-main.jpg,sc-1980-300-before-i-forget-03-thumb.jpg,sc-1980-300-before-i-forget-03-back-01.jpg,sc-1980-300-before-i-forget-03-detail-01.jpg,sc-1980-300-before-i-forget-03-detail-02.jpg,,,,,before-i-forget-03,,,,,,,,,,,,,,,,,
sc-1980-400-before-i-forget-04,Before I Forget IV,1980,SC,before-i-forget-series,"burnished galvanized steel, brick, glass, venetian blinds, fiberglass, cups, and wax",72 × 30 × 30 in.,sc-1980-400-before-i-forget-04-main.jpg,sc-1980-400-before-i-forget-04-thumb.jpg,sc-1980-400-before-i-forget-04-detail-01.jpg,sc-1980-400-before-i-forget-04-detail-02.jpg,sc-1980-400-before-i-forget-04-side.jpg,,,,,before-i-forget-04,,,,,,,,,,,,,,,,,
sc-1980-500-before-i-forget-05,Before I Forget V,1980,SC,before-i-forget-series,"galvanized steel, venetian blinds, brick, glass, wax",72 × 30 × 30 in.,sc-1980-500-before-i-forget-05-main.jpg,sc-1980-500-before-i-forget-05-thumb.jpg,sc-1980-500-before-i-forget-05-back.jpg,sc-1980-500-before-i-forget-05-detail-01.jpg,,,,,,before-i-forget-05,,,,,,,,,,,,,,,,,
sc-1980-600-before-i-forget-06,Before I Forget VI,1980,SC,before-i-forget-series,"galvanized steel, forged steel, brick, venetian blinds, glass, and melted wax",72 × 30 × 30 in.,sc-1980-600-before-i-forget-06-main.jpg,sc-1980-600-before-i-forget-06-thumb.jpg,sc-1980-600-before-i-forget-06-back.jpg,sc-1980-600-before-i-forget-06-detail-01.jpg,sc-1980-600-before-i-forget-06-detail-02.jpg,sc-1980-600-before-i-forget-06-side.jpg,,,,before-i-forget-06,,,,,,,,,,,,,,,,,
sc-1980-900-a-bride-for-becoming-01,A Bride for Becoming,1980,SC,a-bride-for-becoming,"steel, burnished galvanized steel, venetian blinds, glass, wax, and ceramic cups",96 × 156 × 60 in.,sc-1980-900-a-bride-for-becoming-01-main.jpg,sc-1980-900-a-bride-for-becoming-01-thumb.jpg,sc-1980-900-a-bride-for-becoming-01-back.jpg,sc-1980-900-a-bride-for-becoming-01-detail.jpg,sc-1980-900-a-bride-for-becoming-01-installation.jpg,sc-1980-900-a-bride-for-becoming-01-side-01.jpg,sc-1980-900-a-bride-for-becoming-01-side-02.jpg,,,a-bride-for-becoming-01,,,,,,,,,,,,,,,,,
sc-1980-900-a-bride-for-becoming-02,A Bride for Becoming II - The Honeymoon,1980,SC,a-bride-for-becoming,"galvanized steel, venetian blinds, fiberglass, and brick",36 × 72 × 72 in.,sc-1980-900-a-bride-for-becoming-02-main.jpg,sc-1980-900-a-bride-for-becoming-02-thumb.jpg,,,,,,,,a-bride-for-becoming-02,,,,,,,,,,,,,,,,,
sc-1981-100-every-instant-01,Every Instant I,1981,SC,every-instant-series,"steel, tin cans, plastic, venetian blinds, and glow-in-the-dark paint",79 × 156 × 48 in.,sc-1981-100-every-instant-01-main.jpg,sc-1981-100-every-instant-01-thumb.jpg,sc-1981-100-every-instant-01-detail-01.jpg,sc-1981-100-every-instant-01-detail-02.jpg,sc-1981-100-every-instant-01-side-01.jpg,sc-1981-100-every-instant-01-side-02.jpg,,,,every-instant-01,,,,,,,,,,,,,,,,,
sc-1981-200-every-instant-02,Every Instant II,1981,SC,every-instant-series,"steel, tin cans, venetian blinds, glow-in-the-dark paint, and plastic",76 × 192 × 43 in.,sc-1981-200-every-instant-02-main.jpg,sc-1981-200-every-instant-02-thumb.jpg,sc-1981-200-every-instant-02-side.jpg,,,,,,,every-instant-02,,,,,,,,,,,,,,,,,
sc-1982-100-every-instant-03,Every Instant III,1982,SC,every-instant-series,"steel, tin cans, venetian blinds, and glow-in-the-dark paint",76 × 192 × 43 in.,sc-1982-100-every-instant-03-main.jpg,sc-1982-100-every-instant-03-thumb.jpg,sc-1982-100-every-instant-03-detail-01.jpg,sc-1982-100-every-instant-03-detail-02.jpg,sc-1982-100-every-instant-03-detail-03.jpg,sc-1982-100-every-instant-03-side-01.jpg,,,,every-instant-03,,,,,,,,,,,,,,,,,
sc-1983-100-go-like-that-01,Go Like That I,1983,SC,go-like-that-series,"steel, tin cans, venetian blinds, plastic lids, and glow-in-the-dark paint",103 × 41 × 81 in.,sc-1983-100-go-like-that-01-main.jpg,sc-1983-100-go-like-that-01-thumb.jpg,sc-1983-100-go-like-that-01-back.jpg,sc-1983-100-go-like-that-01-detail-01.jpg,sc-1983-100-go-like-that-01-detail-02.jpg,sc-1983-100-go-like-that-01-side.jpg,,,,go-like-that-01,,,,,,,,,,,,,,,,,
sc-1983-200-go-like-that-02,Go Like That II,1983,SC,go-like-that-series,"steel, tin cans, venetian blinds, plastic lids, and glow-in-the-dark paint",101 × 58 × 60 in.,sc-1983-200-go-like-that-02-main.jpg,sc-1983-200-go-like-that-02-thumb.jpg,sc-1983-200-go-like-that-02-back-01.jpg,sc-1983-200-go-like-that-02-back-02.jpg,sc-1983-200-go-like-that-02-back-03.jpg,sc-1983-200-go-like-that-02-detail-01.jpg,sc-1983-200-go-like-that-02-detail-02.jpg,,,go-like-that-02,,,,,,,,,,,,,,,,,
sc-1984-snowmen-01-hriv,"Snowmen I, H R I V",1984,SC,snow-man-series,"steel, and tin cans",92 × 56 × 39 in.,sc-1984-snowmen-01-hriv-main.jpg,sc-1984-snowmen-01-hriv-thumb.jpg,sc-1984-snowmen-01-hriv-detail-01.jpg,sc-1984-snowmen-01-hriv-detail-02.jpg,sc-1984-snowmen-01-hriv-front-01.jpg,sc-1984-snowmen-01-hriv-front-01.jpg,sc-1984-snowmen-01-hriv-side-01.jpg,sc-1984-snowmen-group-main.jpg,,snowmen-01-hriv,,,,,,,,,,,,,,,,,
sc-1984-snowmen-02-ham-ram,"Snowmen II, HAM RAM",1984,SC,snow-man-series,"steel, tin cans, glow-in-the-dark paint",106 × 52 × 39 in.,sc-1984-snowmen-02-ham-ram-main.jpg,sc-1984-snowmen-02-ham-ram-thumb.jpg,sc-1984-snowmen-02-ham-ram-detail-01.jpg,sc-1984-snowmen-02-ham-ram-detail-02.jpg,sc-1984-snowmen-02-ham-ram-front.jpg,sc-1984-snowmen-02-ham-ram-side.jpg,sc-1984-snowmen-group-main.jpg,,,snowmen-02-ham-ram,,,,,,,,,,,,,,,,,
sc-1984-snowmen-03-ah-om,"Snowmen III, AH OM",1984,SC,snow-man-series,"steel, tin cans, and glow-in-the-dark paint",96 × 56 × 39 in.,sc-1984-snowmen-03-ah-om-main.jpg,sc-1984-snowmen-03-ah-om-thumb.jpg,sc-1984-snowmen-03-ah-om-back.jpg,sc-1984-snowmen-03-ah-om-detail-01.jpg,sc-1984-snowmen-03-ah-om-detail-02.jpg,sc-1984-snowmen-03-ah-om-detail-03.jpg,sc-1984-snowmen-03-ah-om-front.jpg,sc-1984-snowmen-group-main.jpg,,snowmen-03-ah-om,,,,,,,,,,,,,,,,,
sc-1985-050-remember-include,Remember Include,1985,SC,remember-include,"steel, epoxy, and wax",96 × 36 × 24 in.,sc-1985-050-remember-include-main.jpg,sc-1985-050-remember-include-thumb.jpg,sc-1985-050-remember-include-detail-01.jpg,,,,,,,remember-include,,,,,,,,,,,,,,,,,
gg-adrift-blue-blank,Adrift Blue - Blank,1992,GG,,hand blown graal glass,9 × 4 × 4 in.,gg-adrift-blue-blank-main.jpg,gg-adrift-blue-blank-thumb.jpg,,,,,,,,adrift-blue-blank,,,,,,,,,,,,,,,,,
gg-adrift-blue,Adrift Blue,1992,GG,,hand blown graal glass,10 × 8 × 8 in.,gg-adrift-blue-main.jpg,gg-adrift-blue-thumb.jpg,,,,,,,,adrift-blue,,,,,,,,,,,,,,,,,
gg-adrift-green,Adrift Green,1992,GG,,hand blown graal glass,10 × 8 × 8 in.,gg-adrift-green-main.jpg,gg-adrift-green-thumb.jpg,,,,,,,,adrift-green,,,,,,,,,,,,,,,,,
gg-adrift-yellow-blank,Adrift Yellow - Blank,1992,GG,,hand blown graal glass,9 × 4 × 4 in.,gg-adrift-yellow-blank-main.jpg,gg-adrift-yellow-blank-thumb.jpg,,,,,,,,adrift-yellow-blank,,,,,,,,,,,,,,,,,
gg-adrift-yellow,Adrift Yellow,1992,GG,,hand blown graal glass,10 × 8 × 8 in.,gg-adrift-yellow-main.jpg,gg-adrift-yellow-thumb.jpg,,,,,,,,adrift-yellow,,,,,,,,,,,,,,,,,
gg-africa-amber-blank,Africa Amber - Blank,1992,GG,,hand blown graal glass,9 × 4 × 4 in.,gg-africa-amber-blank-main.jpg,gg-africa-amber-blank-thumb.jpg,,,,,,,,africa-amber-blank,,,,,,,,,,,,,,,,,
gg-africa-blue,Africa Blue,1992,GG,,hand blown graal glass,10 × 8 × 8 in.,gg-africa-blue-main.jpg,gg-africa-blue-thumb.jpg,,,,,,,,africa-blue,,,,,,,,,,,,,,,,,
gg-africa-yellow,Africa Yellow,1992,GG,,hand blown graal glass,10 × 8 × 8 in.,gg-africa-yellow-main.jpg,gg-africa-yellow-thumb.jpg,,,,,,,,africa-yellow,,,,,,,,,,,,,,,,,
gg-first-light-amber,First Light Amber,1992,GG,,hand blown graal glass,10 × 8 × 8 in.,gg-first-light-amber-main.jpg,gg-first-light-amber-thumb.jpg,,,,,,,,first-light-amber,,,,,,,,,,,,,,,,,
gg-first-light-blank-01,First Light - Blank I,1992,GG,,hand blown graal glass,9 × 4 × 4 in.,gg-first-light-blank-01-main.jpg,gg-first-light-blank-01-thumb.jpg,,,,,,,,first-light-blank-01,,,,,,,,,,,,,,,,,
gg-first-light-blank-02,First Light - Blank II,1992,GG,,hand blown graal glass,9 × 4 × 4 in.,gg-first-light-blank-02-main.jpg,gg-first-light-blank-02-thumb.jpg,,,,,,,,first-light-blank-02,,,,,,,,,,,,,,,,,
gg-first-light,First Light,1992,GG,,hand blown graal glass,10 × 8 × 8 in.,gg-first-light-main.jpg,gg-first-light-thumb.jpg,,,,,,,,first-light,,,,,,,,,,,,,,,,,
gg-flame-blue,Flame Blue,1992,GG,,hand blown graal glass,10 × 8 × 8 in.,gg-flame-blue-main.jpg,gg-flame-blue-thumb.jpg,,,,,,,,flame-blue,,,,,,,,,,,,,,,,,
gg-flame,Flame Blue,1992,GG,,hand blown graal glass,10 × 8 × 8 in.,gg-flame-main.jpg,gg-flame-thumb.jpg,,,,,,,,flame,,,,,,,,,,,,,,,,,
gg-frog-postcard,Frog Postcard,1992,GG,,hand blown graal glass,10 × 8 × 8 in.,gg-frog-postcard-main.jpg,gg-frog-postcard-thumb.jpg,,,,,,,,frog-postcard,,,,,,,,,,,,,,,,,
gg-fruit-red-01,Fruit Red I,1992,GG,,hand blown graal glass,10 × 8 × 8 in.,gg-fruit-red-01-main.jpg,gg-fruit-red-01-thumb.jpg,,,,,,,,fruit-red-01,,,,,,,,,,,,,,,,,
gg-fruit-red-02,Fruit Red II,1992,GG,,hand blown graal glass,10 × 8 × 8 in.,gg-fruit-red-02-main.jpg,gg-fruit-red-02-thumb.jpg,,,,,,,,fruit-red-02,,,,,,,,,,,,,,,,,
gg-fruit-red-blank,Fruit Red - Blank,1992,GG,,hand blown graal glass,9 × 4 × 4 in.,gg-fruit-red-blank-main.jpg,gg-fruit-red-blank-thumb.jpg,,,,,,,,fruit-red-blank,,,,,,,,,,,,,,,,,
gg-fruit-yellow,Fruit Yellow,1992,GG,,hand blown graal glass,10 × 8 × 8 in.,gg-fruit-yellow-main.jpg,gg-fruit-yellow-thumb.jpg,,,,,,,,fruit-yellow,,,,,,,,,,,,,,,,,
gg-imprint-amber,Imprint Amber,1992,GG,,hand blown graal glass,10 × 8 × 8 in.,gg-imprint-amber-main.jpg,gg-imprint-amber-thumb.jpg,,,,,,,,imprint-amber,,,,,,,,,,,,,,,,,
gg-imprint-blue,Imprint Blue,1992,GG,,hand blown graal glass,10 × 8 × 8 in.,gg-imprint-blue-main.jpg,gg-imprint-blue-thumb.jpg,,,,,,,,imprint-blue,,,,,,,,,,,,,,,,,
gg-imprint-red,Imprint Red,1992,GG,,hand blown graal glass,10 × 8 × 8 in.,gg-imprint-red-main.jpg,gg-imprint-red-thumb.jpg,,,,,,,,imprint-red,,,,,,,,,,,,,,,,,
gg-karnac-blue,Karnac Blue,1992,GG,,hand blown graal glass,10 × 8 × 8 in.,gg-karnac-blue-main.jpg,gg-karnac-blue-thumb.jpg,,,,,,,,karnac-blue,,,,,,,,,,,,,,,,,
gg-karnac-green,Karnac Green,1992,GG,,hand blown graal glass,10 × 8 × 8 in.,gg-karnac-green-main.jpg,gg-karnac-green-thumb.jpg,,,,,,,,karnac-green,,,,,,,,,,,,,,,,,
gg-karnac-red,Karnac Red,1992,GG,,hand blown graal glass,10 × 8 × 8 in.,gg-karnac-red-main.jpg,gg-karnac-red-thumb.jpg,,,,,,,,karnac-red,,,,,,,,,,,,,,,,,
gg-karnac-yellow,Karnac Yellow,1992,GG,,hand blown graal glass,10 × 8 × 8 in.,gg-karnac-yellow-main.jpg,gg-karnac-yellow-thumb.jpg,,,,,,,,karnac-yellow,,,,,,,,,,,,,,,,,
gg-oaken-presence-amber,Oaken Presence Amber,1992,GG,,hand blown graal glass,10 × 8 × 8 in.,gg-oaken-presence-amber-main.jpg,gg-oaken-presence-amber-thumb.jpg,,,,,,,,oaken-presence-amber,,,,,,,,,,,,,,,,,
gg-oaken-presence-blank,Oaken Presence - Blank,1992,GG,,hand blown graal glass,9 × 4 × 4 in.,gg-oaken-presence-blank-main.jpg,gg-oaken-presence-blank-thumb.jpg,,,,,,,,oaken-presence-blank,,,,,,,,,,,,,,,,,
gg-oaken-presence-blue,Oaken Presence Blue,1992,GG,,hand blown graal glass,10 × 8 × 8 in.,gg-oaken-presence-blue-main.jpg,gg-oaken-presence-blue-thumb.jpg,,,,,,,,oaken-presence-blue,,,,,,,,,,,,,,,,,
gg-oaken-presence-clear-blank,Oaken Presencer Clear - Blank,1992,GG,,hand blown graal glass,9 × 4 × 4 in.,gg-oaken-presence-clear-blank-main.jpg,gg-oaken-presence-clear-blank-thumb.jpg,,,,,,,,oaken-presence-clear-blank,,,,,,,,,,,,,,,,,
gg-oaken-presence-clear,Oaken Presence Clear,1992,GG,,hand blown graal glass,10 × 8 × 8 in.,gg-oaken-presence-clear-main.jpg,gg-oaken-presence-clear-thumb.jpg,,,,,,,,oaken-presence-clear,,,,,,,,,,,,,,,,,
gg-oaken-presence,Oaken Presence,1992,GG,,hand blown graal glass,10 × 8 × 8 in.,gg-oaken-presence-main.jpg,gg-oaken-presence-thumb.jpg,,,,,,,,oaken-presence,,,,,,,,,,,,,,,,,
gg-ohm-frog,Ohm Frog,1992,GG,,hand blown graal glass,10 × 8 × 8 in.,gg-ohm-frog-main.jpg,gg-ohm-frog-thumb.jpg,,,,,,,,ohm-frog,,,,,,,,,,,,,,,,,
gg-ohm-frog-red,Ohm Frog Red,1992,GG,,hand blown graal glass,10 × 8 × 8 in.,gg-ohm-frog-red-main.jpg,gg-ohm-frog-red-thumb.jpg,,,,,,,,ohm-frog-red,,,,,,,,,,,,,,,,,
gg-porpoises-blank-01,Porpoises - Blank I,1992,GG,,hand blown graal glass,9 × 4 × 4 in.,gg-porpoises-blank-01-main.jpg,gg-porpoises-blank-01-thumb.jpg,,,,,,,,porpoises-blank-01,,,,,,,,,,,,,,,,,
gg-porpoises-blank-02,Porpoises - Blank II,1992,GG,,hand blown graal glass,9 × 4 × 4 in.,gg-porpoises-blank-02-main.jpg,gg-porpoises-blank-02-thumb.jpg,,,,,,,,porpoises-blank-02,,,,,,,,,,,,,,,,,
gg-porpoises,Porpoises - Blank I,1992,GG,,hand blown graal glass,10 × 8 × 8 in.,gg-porpoises-main.jpg,gg-porpoises-thumb.jpg,,,,,,,,porpoises,,,,,,,,,,,,,,,,,
gg-sams-frog,Sam's Frog,1992,GG,,hand blown graal glass,10 × 8 × 8 in.,gg-sams-frog-main.jpg,gg-sams-frog-thumb.jpg,,,,,,,,sams-frog,,,,,,,,,,,,,,,,,
gg-songlines-green,Songlines Green,1992,GG,,hand blown graal glass,10 × 8 × 8 in.,gg-songlines-green-main.jpg,gg-songlines-green-thumb.jpg,,,,,,,,songlines-green,,,,,,,,,,,,,,,,,
gg-songlines-red-blank,Songlines Red - Blank,1992,GG,,hand blown graal glass,9 × 4 × 4 in.,gg-songlines-red-blank-main.jpg,gg-songlines-red-blank-thumb.jpg,,,,,,,,songlines-red-blank,,,,,,,,,,,,,,,,,
gg-songlines-red,Songlines Red,1992,GG,,hand blown graal glass,10 × 8 × 8 in.,gg-songlines-red-main.jpg,gg-songlines-red-thumb.jpg,,,,,,,,songlines-red,,,,,,,,,,,,,,,,,
gg-stars-blue,Stars Blue,1992,GG,,hand blown graal glass,10 × 8 × 8 in.,gg-stars-blue-main.jpg,gg-stars-blue-thumb.jpg,,,,,,,,stars-blue,,,,,,,,,,,,,,,,,
gg-stars-green,Stars Green,1992,GG,,hand blown graal glass,10 × 8 × 8 in.,gg-stars-green-main.jpg,gg-stars-green-thumb.jpg,,,,,,,,stars-green,,,,,,,,,,,,,,,,,
gg-tree-of-life-blue,Tree of Life Blue,1992,GG,,hand blown graal glass,10 × 8 × 8 in.,gg-tree-of-life-blue-main.jpg,gg-tree-of-life-blue-thumb.jpg,,,,,,,,tree-of-life-blue,,,,,,,,,,,,,,,,,
gg-tree-of-life-clear,Tree of Life Clear,1992,GG,,hand blown graal glass,10 × 8 × 8 in.,gg-tree-of-life-clear-main.jpg,gg-tree-of-life-clear-thumb.jpg,,,,,,,,tree-of-life-clear,,,,,,,,,,,,,,,,,
gg-tree-of-life-red,Tree of Life Red,1992,GG,,hand blown graal glass,10 × 8 × 8 in.,gg-tree-of-life-red-main.jpg,gg-tree-of-life-red-thumb.jpg,,,,,,,,tree-of-life-red,,,,,,,,,,,,,,,,,
gg-tree-of-life-white,Tree of Life White,1992,GG,,hand blown graal glass,10 × 8 × 8 in.,gg-tree-of-life-white-main.jpg,gg-tree-of-life-white-thumb.jpg,,,,,,,,tree-of-life-white,,,,,,,,,,,,,,,,,
gg-wellspring-01,Wellspring I,1992,GG,,hand blown graal glass,10 × 8 × 8 in.,gg-wellspring-01-main.jpg,gg-wellspring-01-thumb.jpg,,,,,,,,wellspring-01,,,,,,,,,,,,,,,,,
gg-wellspring-02,Wellspring II,1992,GG,,hand blown graal glass,10 × 8 × 8 in.,gg-wellspring-02-main.jpg,gg-wellspring-02-thumb.jpg,,,,,,,,wellspring-02,,,,,,,,,,,,,,,,,
gg-wellspring-open-blank,Wellspring Open - Blank,1992,GG,,hand blown graal glass,9 × 4 × 4 in.,gg-wellspring-open-blank-main.jpg,gg-wellspring-open-blank-thumb.jpg,,,,,,,,wellspring-open-blank,,,,,,,,,,,,,,,,,
gg-wellspring-open,Wellspring Open,1992,GG,,hand blown graal glass,10 × 8 × 8 in.,gg-wellspring-open-main.jpg,gg-wellspring-open-thumb.jpg,,,,,,,,wellspring-open,,,,,,,,,,,,,,,,,
gg-wellspring-orange,Wellspring Orange,1992,GG,,hand blown graal glass,10 × 8 × 8 in.,gg-wellspring-orange-main.jpg,gg-wellspring-orange-thumb.jpg,,,,,,,,wellspring-orange,,,,,,,,,,,,,,,,,
ggd-wellspring-orange-rendition,Wellspring Orange Rendition,1990,GGD,,laser print on paper,11 × 8.5 in.,ggd-wellspring-orange-rendition.jpg,ggd-wellspring-orange-rendition-thumb.jpg,,,,,,,,wellspring-orange-rendition,,,,,,,,,,,,,,,,,
ggd-wellspring-orange-dwg,Wellspring Orange Drawing,1990,GGD,,laser print on paper,8.5 × 14 in.,ggd-wellspring-orange-dwg.jpg,ggd-wellspring-orange-dwg-thumb.jpg,,,,,,,,wellspring-orange-dwg,,,,,,,,,,,,,,,,,
ggd-wellspring-dwg,Wellspring Drawing,1990,GGD,,laser print on paper,8.5 × 14 in.,ggd-wellspring-dwg.jpg,ggd-wellspring-dwg-thumb.jpg,,,,,,,,wellspring-dwg,,,,,,,,,,,,,,,,,
ggd-tree-of-life-dwg-02,Tree of Life Drawing II,1990,GGD,,laser print on paper,8.5 × 14 in.,ggd-tree-of-life-dwg-02.jpg,ggd-tree-of-life-dwg-02-thumb.jpg,,,,,,,,tree-of-life-dwg-02,,,,,,,,,,,,,,,,,
ggd-tree-of-life-dwg-01,Tree of Life Drawing I,1990,GGD,,laser print on paper,8.5 × 14 in.,ggd-tree-of-life-dwg-01.jpg,ggd-tree-of-life-dwg-01-thumb.jpg,,,,,,,,tree-of-life-dwg-01,,,,,,,,,,,,,,,,,
ggd-stars-green-dwg,Stars Green Drawing,1990,GGD,,laser print on paper,8.5 × 14 in.,ggd-stars-green-dwg.jpg,ggd-stars-green-dwg-thumb.jpg,,,,,,,,stars-green-dwg,,,,,,,,,,,,,,,,,
ggd-stars-blue-dwg,Stars Blue Drawing,1990,GGD,,laser print on paper,8.5 × 14 in.,ggd-stars-blue-dwg.jpg,ggd-stars-blue-dwg-thumb.jpg,,,,,,,,stars-blue-dwg,,,,,,,,,,,,,,,,,
ggd-songlines-sketch,Songlines Sketch,1990,GGD,,pastel and graphite on paper,8.5 × 14 in.,ggd-songlines-sketch.jpg,ggd-songlines-sketch-thumb.jpg,,,,,,,,songlines-sketch,,,,,,,,,,,,,,,,,
ggd-songlines-red-dwg,Songlines Red Drawing,1990,GGD,,laser print on paper,8.5 × 14 in.,ggd-songlines-red-dwg.jpg,ggd-songlines-red-dwg-thumb.jpg,,,,,,,,songlines-red-dwg,,,,,,,,,,,,,,,,,
ggd-songlines-green-rendition,Songlines Green Rendition,1990,GGD,,laser print on paper,11 × 8.5 in.,ggd-songlines-green-rendition.jpg,ggd-songlines-green-rendition-thumb.jpg,,,,,,,,songlines-green-rendition,,,,,,,,,,,,,,,,,
ggd-songlines-green-dwg,Songlines Green Drawing,1990,GGD,,laser print on paper,11 × 8.5 in.,ggd-songlines-green-dwg.jpg,ggd-songlines-green-dwg-thumb.jpg,,,,,,,,songlines-green-dwg,,,,,,,,,,,,,,,,,
ggd-sams-frog-sketch-02,Sam's Frog Sketch II,1990,GGD,,pastel and graphite on tracing paper,8.5 × 14 in.,ggd-sams-frog-sketch-02.jpg,ggd-sams-frog-sketch-02-thumb.jpg,,,,,,,,sams-frog-sketch-02,,,,,,,,,,,,,,,,,
ggd-sams-frog-sketch-01,Sam's Frog Sketch I,1990,GGD,,laser print on paper,8.5 × 14 in.,ggd-sams-frog-sketch-01.jpg,ggd-sams-frog-sketch-01-thumb.jpg,,,,,,,,sams-frog-sketch-01,,,,,,,,,,,,,,,,,
ggd-porpoises-dwg,Porpoises Drawing,1990,GGD,,laser print on paper,8.5 × 14 in.,ggd-porpoises-dwg.jpg,ggd-porpoises-dwg-thumb.jpg,,,,,,,,porpoises-dwg,,,,,,,,,,,,,,,,,
ggd-ohm-frog-sketch,Ohm Frog Sketch,1990,GGD,,laser print and graphite on paper,8.5 × 14 in.,ggd-ohm-frog-sketch.jpg,ggd-ohm-frog-sketch-thumb.jpg,,,,,,,,ohm-frog-sketch,,,,,,,,,,,,,,,,,
ggd-oaken-presence-dwg,Oaken Presence Drawing,1990,GGD,,laser print on paper,8.5 × 14 in.,ggd-oaken-presence-dwg.jpg,ggd-oaken-presence-dwg-thumb.jpg,,,,,,,,oaken-presence-dwg,,,,,,,,,,,,,,,,,
ggd-martini-flame-dwg,Martini Flame Drawing,1990,GGD,,laser print on paper,8.5 × 14 in.,ggd-martini-flame-dwg.jpg,ggd-martini-flame-dwg-thumb.jpg,,,,,,,,martini-flame-dwg,,,,,,,,,,,,,,,,,
ggd-martini-africa-dwg,Martini Africa Drawing,1990,GGD,,laser print on paper,8.5 × 14 in.,ggd-martini-africa-dwg.jpg,ggd-martini-africa-dwg-thumb.jpg,,,,,,,,martini-africa-dwg,,,,,,,,,,,,,,,,,
ggd-karnak-green-dwg,Karnak Green Drawing,1990,GGD,,laser print on paper,8.5 × 14 in.,ggd-karnak-green-dwg.jpg,ggd-karnak-green-dwg-thumb.jpg,,,,,,,,karnak-green-dwg,,,,,,,,,,,,,,,,,
ggd-karnak-blue-dwg,Karnak Blue Drawing,1990,GGD,,laser print on paper,8.5 × 14 in.,ggd-karnak-blue-dwg.jpg,ggd-karnak-blue-dwg-thumb.jpg,,,,,,,,karnak-blue-dwg,,,,,,,,,,,,,,,,,
ggd-imprint-red-dwg,Imprint Red Drawing,1990,GGD,,laser print on paper,8.5 × 14 in.,ggd-imprint-red-dwg.jpg,ggd-imprint-red-dwg-thumb.jpg,,,,,,,,imprint-red-dwg,,,,,,,,,,,,,,,,,
ggd-imprint-blue-dwg,Imprint Blue Drawing,1990,GGD,,laser print on paper,8.5 × 14 in.,ggd-imprint-blue-dwg.jpg,ggd-imprint-blue-dwg-thumb.jpg,,,,,,,,imprint-blue-dwg,,,,,,,,,,,,,,,,,
ggd-fruit-yellow-dwg,Fruit Yellow Drawing,1990,GGD,,laser print on paper,8.5 × 14 in.,ggd-fruit-yellow-dwg.jpg,ggd-fruit-yellow-dwg-thumb.jpg,,,,,,,,fruit-yellow-dwg,,,,,,,,,,,,,,,,,
ggd-fruit-red-sketch,Fruit Red Sketch,1990,GGD,,pastel and marker on tracing paper,8.5 × 14 in.,ggd-fruit-red-sketch.jpg,ggd-fruit-red-sketch-thumb.jpg,,,,,,,,fruit-red-sketch,,,,,,,,,,,,,,,,,
ggd-fruit-red-02-dwg,Fruit Red II Drawing,1990,GGD,,laser print on paper,8.5 × 14 in.,ggd-fruit-red-02-dwg.jpg,ggd-fruit-red-02-dwg-thumb.jpg,,,,,,,,fruit-red-02-dwg,,,,,,,,,,,,,,,,,
ggd-flame-dwg,Flame Drawing,1990,GGD,,laser print on paper,8.5 × 14 in.,ggd-flame-dwg.jpg,ggd-flame-dwg-thumb.jpg,,,,,,,,flame-dwg,,,,,,,,,,,,,,,,,
ggd-first-light-rendition-02,First Light Rendition II,1990,GGD,,laser print on paper,11 × 8.5 in.,ggd-first-light-rendition-02.jpg,ggd-first-light-rendition-02-thumb.jpg,,,,,,,,first-light-rendition-02,,,,,,,,,,,,,,,,,
ggd-first-light-rendition-01,First Light Rendition I,1990,GGD,,laser print on paper,11 × 8.5 in.,ggd-first-light-rendition-01.jpg,ggd-first-light-rendition-01-thumb.jpg,,,,,,,,first-light-rendition-01,,,,,,,,,,,,,,,,,
ggd-first-light-dwg,First Light Drawing,1990,GGD,,laser print on paper,8.5 × 14 in.,ggd-first-light-dwg.jpg,ggd-first-light-dwg-thumb.jpg,,,,,,,,first-light-dwg,,,,,,,,,,,,,,,,,
ggd-first-light-amber-dwg,First Light Amber Drawing,1990,GGD,,laser print on paper,8.5 × 14 in.,ggd-first-light-amber-dwg.jpg,ggd-first-light-amber-dwg-thumb.jpg,,,,,,,,first-light-amber-dwg,,,,,,,,,,,,,,,,,
ggd-becoming-02-dwg,Becoming II Drawing,1990,GGD,,laser print on paper,8.5 × 14 in.,ggd-becoming-02-dwg.jpg,ggd-becoming-02-dwg-thumb.jpg,,,,,,,,becoming-02-dwg,,,,,,,,,,,,,,,,,
ggd-becoming-01-dwg,Becoming I Drawing,1990,GGD,,laser print on paper,8.5 × 14 in.,ggd-becoming-01-dwg.jpg,ggd-becoming-01-dwg-thumb.jpg,,,,,,,,becoming-01-dwg,,,,,,,,,,,,,,,,,
ggd-africa-amber-dwg,Africa Amber Drawing,1990,GGD,,laser print on paper,8.5 × 14 in.,ggd-africa-amber-dwg.jpg,ggd-africa-amber-dwg-thumb.jpg,,,,,,,,africa-amber-dwg,,,,,,,,,,,,,,,,,
ggd-adrift-dwg-02,Adrift Drawing II,1990,GGD,,laser print on paper,8.5 × 14 in.,ggd-adrift-dwg-02.jpg,ggd-adrift-dwg-02-thumb.jpg,,,,,,,,adrift-dwg-02,,,,,,,,,,,,,,,,,
ggd-adrift-dwg-01,Adrift Drawing I,1990,GGD,,laser print on paper,8.5 × 14 in.,ggd-adrift-dwg-01.jpg,ggd-adrift-dwg-01-thumb.jpg,,,,,,,,adrift-dwg-01,,,,,,,,,,,,,,,,,
pt-1977-900-maithuna-bliss-900,Maithuna Through the Great Bliss State,1977,PT,through-the-great-bliss-state,watercolor and crayon on paper,30 × 24 in.,pt-1977-900-maithuna-bliss-900.jpg,pt-1977-900-maithuna-bliss-900-thumb.jpg,,,,,,,,pt-1977-900-maithuna-bliss-900,,,,,,,,,,,,,,,,,
pt-1977-900-maithuna-bliss-850,Maithuna Through the Great Bliss State,1977,PT,through-the-great-bliss-state,gouache and watercolor on paper,30 × 24 in.,pt-1977-900-maithuna-bliss-850.jpg,pt-1977-900-maithuna-bliss-850-thumb.jpg,,,,,,,,pt-1977-900-maithuna-bliss-850,,,,,,,,,,,,,,,,,
pt-1977-900-maithuna-bliss-830,Maithuna Through the Great Bliss State,1977,PT,through-the-great-bliss-state,watercolor and graphite on paper,18 × 12 in.,pt-1977-900-maithuna-bliss-830.jpg,pt-1977-900-maithuna-bliss-830-thumb.jpg,,,,,,,,pt-1977-900-maithuna-bliss-830,,,,,,,,,,,,,,,,,
pt-1977-900-maithuna-bliss-820,Maithuna Through the Great Bliss State,1977,PT,through-the-great-bliss-state,"watercolor, ink, graphite, and crayon on paper",14 × 10 in.,pt-1977-900-maithuna-bliss-820.jpg,pt-1977-900-maithuna-bliss-820-thumb.jpg,,,,,,,,pt-1977-900-maithuna-bliss-820,,,,,,,,,,,,,,,,,
pt-1977-900-maithuna-bliss-800,Maithuna Through the Great Bliss State,1977,PT,through-the-great-bliss-state,gouache and watercolor on paper,30 × 22 in.,pt-1977-900-maithuna-bliss-800.jpg,pt-1977-900-maithuna-bliss-800-thumb.jpg,,,,,,,,pt-1977-900-maithuna-bliss-800,,,,,,,,,,,,,,,,,
pt-1977-900-maithuna-bliss-790,Maithuna Through the Great Bliss State,1977,PT,through-the-great-bliss-state,gouache and watercolor on rice paper,20 × 18 in.,pt-1977-900-maithuna-bliss-790.jpg,pt-1977-900-maithuna-bliss-790-thumb.jpg,,,,,,,,pt-1977-900-maithuna-bliss-790,,,,,,,,,,,,,,,,,
pt-1977-900-maithuna-bliss-780,Maithuna Through the Great Bliss State,1977,PT,through-the-great-bliss-state,watercolor on rice paper,22 × 18 in.,pt-1977-900-maithuna-bliss-780.jpg,pt-1977-900-maithuna-bliss-780-thumb.jpg,,,,,,,,pt-1977-900-maithuna-bliss-780,,,,,,,,,,,,,,,,,
pt-1977-900-maithuna-bliss-770,Maithuna Bliss,1977,PT,through-the-great-bliss-state,"gouache, watercolor, and graphite on paper",14 × 11 in.,pt-1977-900-maithuna-bliss-770.jpg,pt-1977-900-maithuna-bliss-770-thumb.jpg,,,,,,,,pt-1977-900-maithuna-bliss-770,,,,,,,,,,,,,,,,,
pt-1977-850-self-portrait-sun,Self-Portrait with the Sun,1977,PT,self-portraits,gouache and watercolor on paper,29 × 22 in.,pt-1977-850-self-portrait-sun.jpg,pt-1977-850-self-portrait-sun-thumb.jpg,,,,,,,,pt-1977-850-self-portrait-sun,,,,,,,,,,,,,,,,,
pt-1977-800-mahabhuta-lila-grid-200,Mahabhuta Lila Grid,1977,PT,,watercolor and graphite on paper,8 × 6 in.,pt-1977-800-mahabhuta-lila-grid-200.jpg,pt-1977-800-mahabhuta-lila-grid-200-thumb.jpg,,,,,,,,pt-1977-800-mahabhuta-lila-grid-200,,,,,,,,,,,,,,,,,
pt-1977-800-mahabhuta-lila-grid-100,Mahabhuta Lila Grid,1977,PT,,watercolor on paper,12 × 9 in.,pt-1977-800-mahabhuta-lila-grid-100.jpg,pt-1977-800-mahabhuta-lila-grid-100-thumb.jpg,,,,,,,,pt-1977-800-mahabhuta-lila-grid-100,,,,,,,,,,,,,,,,,
pt-1977-700-figure-in-landscape-900,Figure in Landscape,1977,PT,figure-in-landscape-series,watercolor and crayon on paper,22 × 15 in.,pt-1977-700-figure-in-landscape-900.jpg,pt-1977-700-figure-in-landscape-900-thumb.jpg,,,,,,,,pt-1977-700-figure-in-landscape-900,,,,,,,,,,,,,,,,,
pt-1977-700-figure-in-landscape-850,Figure in Landscape,1977,PT,figure-in-landscape-series,watercolor and crayon on paper,14 × 11 in.,pt-1977-700-figure-in-landscape-850.jpg,pt-1977-700-figure-in-landscape-850-thumb.jpg,,,,,,,,pt-1977-700-figure-in-landscape-850,,,,,,,,,,,,,,,,,
pt-1977-700-figure-in-landscape-825,Figure in Landscape,1977,PT,figure-in-landscape-series,watercolor and crayon on paper,24 × 18 in.,pt-1977-700-figure-in-landscape-825.jpg,pt-1977-700-figure-in-landscape-825-thumb.jpg,,,,,,,,pt-1977-700-figure-in-landscape-825,,,,,,,,,,,,,,,,,
pt-1977-700-figure-in-landscape-800,Figure in Landscape,1977,PT,figure-in-landscape-series,watercolor and graphite on paper,12 × 9 in.,pt-1977-700-figure-in-landscape-800.jpg,pt-1977-700-figure-in-landscape-800-thumb.jpg,,,,,,,,pt-1977-700-figure-in-landscape-800,,,,,,,,,,,,,,,,,
pt-1977-700-figure-in-landscape-700,Figure in Landscape,1977,PT,figure-in-landscape-series,"watercolor, marker, and graphite on paper",9 × 12 in.,pt-1977-700-figure-in-landscape-700.jpg,pt-1977-700-figure-in-landscape-700-thumb.jpg,,,,,,,,pt-1977-700-figure-in-landscape-700,,,,,,,,,,,,,,,,,
pt-1977-700-figure-in-landscape-600,Figure in Landscape,1977,PT,figure-in-landscape-series,watercolor on paper,14 × 11 in.,pt-1977-700-figure-in-landscape-600.jpg,pt-1977-700-figure-in-landscape-600-thumb.jpg,,,,,,,,pt-1977-700-figure-in-landscape-600,,,,,,,,,,,,,,,,,
pt-1977-700-figure-in-landscape-500,Figure in Landscape,1977,PT,figure-in-landscape-series,ink on paper,27 × 23 in.,pt-1977-700-figure-in-landscape-500.jpg,pt-1977-700-figure-in-landscape-500-thumb.jpg,,,,,,,,pt-1977-700-figure-in-landscape-500,,,,,,,,,,,,,,,,,
pt-1977-600-landscape-900,Landscape Seascape,1977,PT,landscapes,ink wash on paper,18 × 24 in.,pt-1977-600-landscape-900.jpg,pt-1977-600-landscape-900-thumb.jpg,,,,,,,,pt-1977-600-landscape-900,,,,,,,,,,,,,,,,,
pt-1977-600-landscape-860,Landscape,1977,PT,landscapes,watercolor on paper,21 × 28 in.,pt-1977-600-landscape-860.jpg,pt-1977-600-landscape-860-thumb.jpg,,,,,,,,pt-1977-600-landscape-860,,,,,,,,,,,,,,,,,
pt-1977-600-landscape-850,Landscape,1977,PT,landscapes,gouache on paper,12 × 19 in.,pt-1977-600-landscape-850.jpg,pt-1977-600-landscape-850-thumb.jpg,,,,,,,,pt-1977-600-landscape-850,,,,,,,,,,,,,,,,,
pt-1977-600-landscape-700,Landscape,1977,PT,landscapes,gouache and watercolor on paper,28 × 21 in.,pt-1977-600-landscape-700.jpg,pt-1977-600-landscape-700-thumb.jpg,,,,,,,,pt-1977-600-landscape-700,,,,,,,,,,,,,,,,,
pt-1977-600-landscape-210,River Landscape,1977,PT,landscapes,gouache on paper,12 × 16 in.,pt-1977-600-landscape-210.jpg,pt-1977-600-landscape-210-thumb.jpg,,,,,,,,pt-1977-600-landscape-210,West Willington,,,,,,,,,,,,,,,,
pt-1977-600-landscape-200,Landscape,1977,PT,,watercolor on paper,4.5 × 6 in.,pt-1977-600-landscape-200.jpg,pt-1977-600-landscape-200-thumb.jpg,,,,,,,,pt-1977-600-landscape-200,West Willington,,,,,,,,,,,,,,,,
pt-1977-500-landscape-500,Landscape,1977,PT,landscapes,watercolor and pen on paper,18 × 24 in.,pt-1977-500-landscape-500.jpg,pt-1977-500-landscape-500-thumb.jpg,,,,,,,,pt-1977-500-landscape-500,,,,,,,,,,,,,,,,,
pt-1977-500-earth-water,Earth Water,1977,PT,landscapes,watercolor on rice paper,22 × 15 in.,pt-1977-500-earth-water.jpg,pt-1977-500-earth-water-thumb.jpg,,,,,,,,pt-1977-500-earth-water,,,,,,,,,,,,,,,,,
pt-1977-500-earth-fire,Earth Fire,1977,PT,landscapes,acrylic on paper,33 × 30 in.,pt-1977-500-earth-fire.jpg,pt-1977-500-earth-fire-thumb.jpg,,,,,,,,pt-1977-500-earth-fire,,,,,,,,,,,,,,,,,
pt-1976-800-self-portrait-oil,Self-Portrait,1976,PT,self-portraits,oil on canvas,30 × 24 in.,pt-1976-800-self-portrait-oil.jpg,pt-1976-800-self-portrait-oil-thumb.jpg,,,,,,,,pt-1976-800-self-portrait-oil,,,,,,,,,,,,,,,,,
pt-1976-700-self-portrait,Self-Portrait,1976,PT,self-portraits,ink on paper,24 × 18 in.,pt-1976-700-self-portrait.jpg,pt-1976-700-self-portrait-thumb.jpg,,,,,,,,pt-1976-700-self-portrait,,,,,,,,,,,,,,,,,
pt-1976-600-portrait-red,Portrait,1976,PT,,gouache on paper,12 × 9 in.,pt-1976-600-portrait-red.jpg,pt-1976-600-portrait-red-thumb.jpg,,,,,,,,pt-1976-600-portrait-red,,,,,,,,,,,,,,,,,
pt-1976-500-still-life-kettle,Tea Kettle,1976,PT,,watercolor on paper,14 × 10 in.,pt-1976-500-still-life-kettle.jpg,pt-1976-500-still-life-kettle-thumb.jpg,,,,,,,,pt-1976-500-still-life-kettle,,,,,,,,,,,,,,,,,
pt-1976-400-landscape-forest-floor,Landscape,1976,PT,landscapes,ink wash on paper,16 × 12 in.,pt-1976-400-landscape-forest-floor.jpg,pt-1976-400-landscape-forest-floor-thumb.jpg,,,,,,,,pt-1976-400-landscape-forest-floor,,,,,,,,,,,,,,,,,
pt-1976-300-interior-window,Interior Window,1976,PT,,watercolor and acrylic on paper,20 × 26 in.,pt-1976-300-interior-window.jpg,pt-1976-300-interior-window-thumb.jpg,,,,,,,,pt-1976-300-interior-window,,,,,,,,,,,,,,,,,
,,,,,,,,,,,,,,,,,,,,,,,,,,,,,,,,,
,,,,,,,,,,,,,,,,,,,,,,,,,,,,,,,,,
,,,,,,,,,,,,,,,,,,,,,,,,,,,,,,,,,
,,,,,,,,,,,,,,,,,,,,,,,,,,,,,,,,,
,,,,,,,,,,,,,,,,,,,,,,,,,,,,,,,,,
,,,,,,,,,,,,,,,,,,,,,,,,,,,,,,,,,
,,,,,,,,,,,,,,,,,,,,,,,,,,,,,,,,,
,,,,,,,,,,,,,,,,,,,,,,,,,,,,,,,,,
,,,,,,,,,,,,,,,,,,,,,,,,,,,,,,,,,
,,,,,,,,,,,,,,,,,,,,,,,,,,,,,,,,,
,,,,,,,,,,,,,,,,,,,,,,,,,,,,,,,,,
,,,,,,,,,,,,,,,,,,,,,,,,,,,,,,,,,
,,,,,,,,,,,,,,,,,,,,,,,,,,,,,,,,,
,,,,,,,,,,,,,,,,,,,,,,,,,,,,,,,,,
,,,,,,,,,,,,,,,,,,,,,,,,,,,,,,,,,
,,,,,,,,,,,,,,,,,,,,,,,,,,,,,,,,,
,,,,,,,,,,,,,,,,,,,,,,,,,,,,,,,,,
,,,,,,,,,,,,,,,,,,,,,,,,,,,,,,,,,
,,,,,,,,,,,,,,,,,,,,,,,,,,,,,,,,,
,,,,,,,,,,,,,,,,,,,,,,,,,,,,,,,,,
,,,,,,,,,,,,,,,,,,,,,,,,,,,,,,,,,
,,,,,,,,,,,,,,,,,,,,,,,,,,,,,,,,,
,,,,,,,,,,,,,,,,,,,,,,,,,,,,,,,,,
,,,,,,,,,,,,,,,,,,,,,,,,,,,,,,,,,
,,,,,,,,,,,,,,,,,,,,,,,,,,,,,,,,,
,,,,,,,,,,,,,,,,,,,,,,,,,,,,,,,,,
,,,,,,,,,,,,,,,,,,,,,,,,,,,,,,,,,
,,,,,,,,,,,,,,,,,,,,,,,,,,,,,,,,,
,,,,,,,,,,,,,,,,,,,,,,,,,,,,,,,,,
,,,,,,,,,,,,,,,,,,,,,,,,,,,,,,,,,
,,,,,,,,,,,,,,,,,,,,,,,,,,,,,,,,,
,,,,,,,,,,,,,,,,,,,,,,,,,,,,,,,,,
,,,,,,,,,,,,,,,,,,,,,,,,,,,,,,,,,
,,,,,,,,,,,,,,,,,,,,,,,,,,,,,,,,,
,,,,,,,,,,,,,,,,,,,,,,,,,,,,,,,,,
,,,,,,,,,,,,,,,,,,,,,,,,,,,,,,,,,
,,,,,,,,,,,,,,,,,,,,,,,,,,,,,,,,,
,,,,,,,,,,,,,,,,,,,,,,,,,,,,,,,,,
,,,,,,,,,,,,,,,,,,,,,,,,,,,,,,,,,
,,,,,,,,,,,,,,,,,,,,,,,,,,,,,,,,,
,,,,,,,,,,,,,,,,,,,,,,,,,,,,,,,,,
,,,,,,,,,,,,,,,,,,,,,,,,,,,,,,,,,
,,,,,,,,,,,,,,,,,,,,,,,,,,,,,,,,,
,,,,,,,,,,,,,,,,,,,,,,,,,,,,,,,,,
,,,,,,,,,,,,,,,,,,,,,,,,,,,,,,,,,
,,,,,,,,,,,,,,,,,,,,,,,,,,,,,,,,,
,,,,,,,,,,,,,,,,,,,,,,,,,,,,,,,,,
,,,,,,,,,,,,,,,,,,,,,,,,,,,,,,,,,
,,,,,,,,,,,,,,,,,,,,,,,,,,,,,,,,,
,,,,,,,,,,,,,,,,,,,,,,,,,,,,,,,,,
,,,,,,,,,,,,,,,,,,,,,,,,,,,,,,,,,
,,,,,,,,,,,,,,,,,,,,,,,,,,,,,,,,,
,,,,,,,,,,,,,,,,,,,,,,,,,,,,,,,,,
,,,,,,,,,,,,,,,,,,,,,,,,,,,,,,,,,
,,,,,,,,,,,,,,,,,,,,,,,,,,,,,,,,,
,,,,,,,,,,,,,,,,,,,,,,,,,,,,,,,,,
,,,,,,,,,,,,,,,,,,,,,,,,,,,,,,,,,
,,,,,,,,,,,,,,,,,,,,,,,,,,,,,,,,,
,,,,,,,,,,,,,,,,,,,,,,,,,,,,,,,,,
,,,,,,,,,,,,,,,,,,,,,,,,,,,,,,,,,
,,,,,,,,,,,,,,,,,,,,,,,,,,,,,,,,,
,,,,,,,,,,,,,,,,,,,,,,,,,,,,,,,,,
,,,,,,,,,,,,,,,,,,,,,,,,,,,,,,,,,
,,,,,,,,,,,,,,,,,,,,,,,,,,,,,,,,,
,,,,,,,,,,,,,,,,,,,,,,,,,,,,,,,,,
,,,,,,,,,,,,,,,,,,,,,,,,,,,,,,,,,
,,,,,,,,,,,,,,,,,,,,,,,,,,,,,,,,,
,,,,,,,,,,,,,,,,,,,,,,,,,,,,,,,,,
,,,,,,,,,,,,,,,,,,,,,,,,,,,,,,,,,
,,,,,,,,,,,,,,,,,,,,,,,,,,,,,,,,,
,,,,,,,,,,,,,,,,,,,,,,,,,,,,,,,,,
,,,,,,,,,,,,,,,,,,,,,,,,,,,,,,,,,
,,,,,,,,,,,,,,,,,,,,,,,,,,,,,,,,,
,,,,,,,,,,,,,,,,,,,,,,,,,,,,,,,,,
,,,,,,,,,,,,,,,,,,,,,,,,,,,,,,,,,
,,,,,,,,,,,,,,,,,,,,,,,,,,,,,,,,,
,,,,,,,,,,,,,,,,,,,,,,,,,,,,,,,,,
,,,,,,,,,,,,,,,,,,,,,,,,,,,,,,,,,
,,,,,,,,,,,,,,,,,,,,,,,,,,,,,,,,,
,,,,,,,,,,,,,,,,,,,,,,,,,,,,,,,,,
,,,,,,,,,,,,,,,,,,,,,,,,,,,,,,,,,
,,,,,,,,,,,,,,,,,,,,,,,,,,,,,,,,,
,,,,,,,,,,,,,,,,,,,,,,,,,,,,,,,,,
,,,,,,,,,,,,,,,,,,,,,,,,,,,,,,,,,
,,,,,,,,,,,,,,,,,,,,,,,,,,,,,,,,,
,,,,,,,,,,,,,,,,,,,,,,,,,,,,,,,,,
,,,,,,,,,,,,,,,,,,,,,,,,,,,,,,,,,
,,,,,,,,,,,,,,,,,,,,,,,,,,,,,,,,,
,,,,,,,,,,,,,,,,,,,,,,,,,,,,,,,,,
,,,,,,,,,,,,,,,,,,,,,,,,,,,,,,,,,
,,,,,,,,,,,,,,,,,,,,,,,,,,,,,,,,,
,,,,,,,,,,,,,,,,,,,,,,,,,,,,,,,,,
,,,,,,,,,,,,,,,,,,,,,,,,,,,,,,,,,
,,,,,,,,,,,,,,,,,,,,,,,,,,,,,,,,,
,,,,,,,,,,,,,,,,,,,,,,,,,,,,,,,,,
,,,,,,,,,,,,,,,,,,,,,,,,,,,,,,,,,
,,,,,,,,,,,,,,,,,,,,,,,,,,,,,,,,,
,,,,,,,,,,,,,,,,,,,,,,,,,,,,,,,,,
,,,,,,,,,,,,,,,,,,,,,,,,,,,,,,,,,
,,,,,,,,,,,,,,,,,,,,,,,,,,,,,,,,,
,,,,,,,,,,,,,,,,,,,,,,,,,,,,,,,,,
,,,,,,,,,,,,,,,,,,,,,,,,,,,,,,,,,
,,,,,,,,,,,,,,,,,,,,,,,,,,,,,,,,,
,,,,,,,,,,,,,,,,,,,,,,,,,,,,,,,,,
,,,,,,,,,,,,,,,,,,,,,,,,,,,,,,,,,